id;name;title;description
1;sizzle incidentally perfumed;of;idolized rejigger but
2;against aw;boohoo aboard;enthusiastically out tromp
3;jury horse;and yowza er;ah
4;filter;gnash consequently oh;printer
5;wide-eyed;corral mallard put;swill alongside
6;so giant ravel;that schnitzel watery;until
7;sustenance appropriate;troubled yahoo postbox;machine fairly before
8;whether what character;pertain ouch;after scent with
9;publication although huzzah;consequently;ouch
10;fraternise decouple where;hence flight;squirm provided
